title,place,company,date,tags,description,requisites,url
Python Developer,Local da vaga: Curitiba ou remoto,Empresa: Celero,Postada: 26 de Fevereiro de 2019,Django,"
                            ,Estamos em busca de um(a) Python Developer para o time de desenvolvimento!,Temos um grande caminho pela frente e voc√™ ter√° bastante liberdade para desenvolver üòâ,Voc√™ ir√° planejar, desenvolver e implementar novas funcionalidades na plataforma Celero.,Trabalhar√° com Python e Django no desenvolvimento de aplica√ß√µes em um ambiente que valoriza as boas pr√°ticas de programa√ß√£o (ex. testes automatizados, unit√°rios, code review, etc) e um m√©todo de trabalho √°gil.,Oportunidade para trabalhar no escrit√≥rio em Curitiba ou remoto.,Enviar o curr√≠culo com pretens√£o salarial para carreira@celero.com.br informando no t√≠tulo da vaga ""Python Developer - Pyjobs"" ou cadastrar pelo PyJobs.","
                            ,O que precisamos que voc√™ tenha:,* S√≥lida experi√™ncia comercial com Python + Django;,* Autonomia e pr√≥-atividade;,* Modelagem e consumo de API's RESTful;,* Experi√™ncia com Git para versionamento de c√≥digo.,Ser√° um diferencial:,* Bacharel em Ci√™ncias da Computa√ß√£o ou equivalente;,* Experi√™ncia anterior com Testes unit√°rios;,* Modelagem de bancos de dados relacionais (preferencialmente PostgreSQL),* Experi√™ncia anterior com NoSQL;,* AWS (preferencialmente EC2, RDS e S3);,* Ser autodidata;,* Ter esp√≠rito empreendedor;,* Conhecer o ambiente de startups;,* Experi√™ncia na √°rea de gest√£o financeira.",https://pyjobs.com.br/job/390/
Desenvolvedor Python,Local da vaga: S√£o Paulo,Empresa: Concil,Postada: 15 de Mar√ßo de 2019,"AWS,Python","
                            ,Programador Python S√™nior/ Pleno","
                            ,Experi√™ncia em AWS,- Serverless (N√£o Obrigat√≥rio, mas √© um diferencial importante ),- API ( API Gateway / AWS ),- Conhecimentos em Arquitetura de Micro servi√ßos,- Banco de dados relacional ( Preferencial Oracle ) e N√£o Relacional ( Dynamo/AWS ),- M√≠nimo de Experi√™ncia de 2 anos,enviar email com cv e pretens√£o salarial para darlei.soares@concil.com.br",https://pyjobs.com.br/job/402/
Desenvolvedor Django e mais!,Local da vaga: Remoto,Empresa: Nth.work,Postada: 19 de Mar√ßo de 2019,"Node.js,Django,Express.js,Python","
                            ,Full-stack, multi-tech, software development - Frontend, Backend and Blockchain ,The Project: ,Multiple projects, from a blockchain based carpooling app to electric vehicles in California, to financial mobile apps to Brazil and innovative PropTech and IoT devices applications and more.,Specific tasks will include: ,Coding web and apps (both front and backend), as well as blockchain Dapps, IoT devices, setting up servers. A bit of everything. : ),Organisation website:,https://nth.work","
                            ,- Python, Django (REST),- Node, Express (bonus)",https://pyjobs.com.br/job/404/
Engenheiro Back-end na Letrus,Local da vaga: Pinheiros - S√£o Paulo,Empresa: Letrus,Postada: 15 de Mar√ßo de 2019,"API,Django,Python","
                            ,Na Letrus voc√™ ir√°:,- Trabalhar com uma equipe de alto n√≠vel que usa as melhores pr√°ticas e as melhores ferramentas.,- Aprender muito.,- Fazer parte de um projeto de alto impacto social que afetar√° a vida de muitas pessoas.,- Trabalhar em um ambiente informal e com hierarquia horizontal.,Responsabilidades para a vaga de engenheiro de back-end na Letrus:,- Desenvolver e documentar API REST;,- Implementar, testar e manter funcionalidades da plataforma;,- Interagir de perto com nossos designers, engenheiros de back-end e front-end para garantir a implementa√ß√£o perfeita e r√°pida de aplica√ß√µes complexas;,- Fornecer alta produtividade como colaborador individual em uma variedade de projetos e cumprir prazos;,- Encontrar e resolver problemas de desempenho;,- Resolver problemas t√©cnicos e comunicar claramente solu√ß√µes aos membros da equipe;,- Criar documenta√ß√£o para equipes internas;,- Realizar revis√µes de c√≥digo, com feedback valioso e orienta√ß√£o, para os outros desenvolvedores;,- Pesquisar e comunicar as melhores pr√°ticas de back-end.","
                            ,S√£o necess√°rios:,- Dom√≠nio de Python e experi√™ncia no uso do Django;,- Experi√™ncia na constru√ß√£o de API REST;,- Excelente conhecimento e compreens√£o de estruturas de dados e algoritmos relacionados;,- Experi√™ncia trabalhando com MySQL, demonstrando capacidade de escrever consultas eficientes e benchmark/perfil delas;,- Boas habilidades de comunica√ß√£o.,S√£o desej√°veis:,- Conhecimentos em NLP,- Conhecimento de docker e sistemas de orquestra√ß√£o;,- Experi√™ncia com Redis / Celery;,- Familiaridade com metodologias √Ågeis;,- Conhecimento de docker e sistemas de containers;,- No√ß√µes de infraestrutura e AWS",https://pyjobs.com.br/job/400/
Programador Python Jr (Trainee),Local da vaga: Tabo√£o da Serra - S√£o Paulo,Empresa: TWV SOLU√á√ïES INTELIGENTES EM TECNOLOGIA LTDA - ME,Postada: ontem,Python,"
                            ,Atuar com desenvolvimentos e manuten√ß√£o em plataformas web;,Projetos de RPA (automa√ß√£o rob√≥tica de processos), Web Scraping, Web Crawling;,Desenvolver solu√ß√µes em Python utilizando data frame e banco de dados, APIs, bibliotecas e componentes;,Apoiar tecnicamente o cliente sugerindo solu√ß√µes adequadas as necessidades dos projetos, buscar t√©cnicas e tecnologias emergentes para aumentar a taxa de sucesso do projeto.","
                            ,L√≥gica de programa√ß√£o;,Programa√ß√£o Python;,JavaScript;,jQuery;,HTML;,CSS;,SQL;,Linguagem R.",https://pyjobs.com.br/job/407/
Desenvolvedor,Local da vaga: Vila Mariana S√£o Paulo,Empresa: Confidencial,Postada: 16 de Mar√ßo de 2019,"PHP,Python","
                            ,Desenvolvedor S√™nior ,Para projeto de M√©dio Prazo.,Poder ser PJ ou CLT","
                            ,Projeto de Integra√ß√£o",https://pyjobs.com.br/job/403/
Back-end Python/Django,Local da vaga: Recreio dos Bandeirantes - Rio de Janeiro,Empresa: Brbid,Postada: ontem,"Django,Python","
                            ,Brbid ‚Äì Rio de Janeiro, RJ,Estamos procurando algu√©m que esteja motivado a criar solu√ß√µes junto com nosso time. Esta pessoa entrar√° para squad do Brpatio, um produto que gerencia p√°tios de ve√≠culos apreendidos em conjunto com √≥rg√£os. N√£o √© necess√°rio ser um expert. Procuramos algu√©m que queira evoluir junto com a gente, aprender e somar for√ßas nesse momento de expans√£o.,Benef√≠cios:,Contrata√ß√£o CLT,Vale refei√ß√£o ou Alimenta√ß√£o (R$22/dia),Vale transporte ou combust√≠vel,Plano de sa√∫de Amil,Hor√°rios flex√≠veis,Como se Candidatar:,Curr√≠culo + Pretens√£o para o email guilherme.jardim@brbid.com,Assunto: Vaga Back-end Python/Django,Local:,Brbid ‚Äì Americas Avenue Business Square,Recreio dos Bandeirantes, pr√≥ximo ao Terminal Salvador Allende.","
                            ,Requisitos:,Gostar de desenvolver em Python,Saber desenvolver em Django,No√ß√£o com desenvolvimento em ambiente Linux,Versionamento de c√≥digo com Git,Desej√°vel:,Celery,Metodologias √°geis (Scrum ou Kanban),Bootstrap,AWS,PEP8,Soulth,Bons conhecimentos de padr√µes de projeto, refatora√ß√£o e testes unit√°rios.",https://pyjobs.com.br/job/408/
L√≠der de Produto,Local da vaga: Belo Horizonte,Empresa: Vulpi,Postada: 20 de Mar√ßo de 2019,"React.js,React Native,Python","
                            ,üëî Vaga: L√≠der de Produto,üíº Senioridade: Senior,üè£ Empresa: Vulpi,üìç Localiza√ß√£o: Belo Horizonte,üëâ Candidatar: http://bit.ly/vulpi_lidergithub","
                            ,Python e React",https://pyjobs.com.br/job/406/
Desenvolvedor Python,Local da vaga: S√£o Paulo,Empresa: Concil,Postada: 15 de Mar√ßo de 2019,"AWS,Python","
                            ,Programador Python S√™nior/ Pleno","
                            ,Experi√™ncia em AWS,- Serverless (N√£o Obrigat√≥rio, mas √© um diferencial importante ),- API ( API Gateway / AWS ),- Conhecimentos em Arquitetura de Micro servi√ßos,- Banco de dados relacional ( Preferencial Oracle ) e N√£o Relacional ( Dynamo/AWS ),- M√≠nimo de Experi√™ncia de 2 anos,enviar email com cv e pretens√£o salarial para darlei.soares@concil.com.br",https://pyjobs.com.br/job/401/
Desenvolvedora(dor) Serverless na ONLi,Local da vaga: Curitiba - Paran√°,Empresa: ONLi Seguros,Postada: 26 de Fevereiro de 2019,"Sails.js,PostgreSQL,API,Python,MySQL,Java,Node.js,JavaScript,Spring","
                            ,Ol√°!,A ONLi √© uma Startup especializada em solu√ß√µes de seguro.,Estamos procurando algu√©m que possa compor nosso time na parte do Back-End. Ele est√° totalmente serverless, e totalmente em Node.js. Estamos precisando criar mais servi√ßos que n√£o necessariamente precisam ser em Node.js,O que utilizamos no back:,* Node.js,* AWS DynamoDB,* Aurora Serverless Database,* AWS Lambda,* API Gateway - REST API e WebSockets,Utilizamos no Front:,* WebSockets,* Vue.js,* Nuxt.js,Benef√≠cios:,* Hor√°rio Flex√≠vel,* Escrit√≥rio localizado na √°rea do √Ågua verde.,Sal√°rio: 3.5k,Regime: PJ","
                            ,Estamos procurando um desenvolvedor com apenas UM requisito:,* Dominar uma dessas linguagens: Python, JavaScript, TypeScript ou Java,Diferenciais:,* Ter algum projeto utilizando Serverless (https://serverless.com/),* Ter algum projeto utilizando Apex (http://apex.run/),* Ter algum projeto utilizando Up (https://github.com/apex/up),* Ter algum projeto utilizando Zappa (https://github.com/Miserlou/Zappa),* Ter algum projeto utilizando Firebase,* Dominar Node.js,* Contribui√ß√µes Open Source",https://pyjobs.com.br/job/391/
Desenvolvedor Backend em empresa de biotecnologia,"Local da vaga: Florian√≥polis, Santa Catarina",Empresa: Neoprospecta,Postada: 25 de Fevereiro de 2019,"AWS,Django,Linux,PostgreSQL","
                            ,Somos uma empresa que realiza o sequenciamento de DNA com o objetivo de fornecer insights para m√©dicos, nutricionistas, pacientes, pesquisadores e curiosos em geral sobre a composi√ß√£o microbiol√≥gica de diversas partes do corpo humano.","
                            ,- m√≠nimo 2 anos de experi√™ncia profissional com Python,- m√≠nimo 2 anos de experi√™ncia com Django ( ou outro framework web ),- familiaridade com Postgres,- que escreve c√≥digo claro e adequado a PEP8,- se sinta confort√°vel escrevendo testes,- se sinta confort√°vel utilizando GIT e Linux,- saiba ler e (idealmente) escrever em Ingl√™s,- desej√°vel experi√™ncia com AWS,- desej√°vel conhecimento em django-rest-framework,- desej√°vel experi√™ncia com algum framework Javascript",https://pyjobs.com.br/job/389/
Desenvolvedor Cloud - Est√°gio,Local da vaga: ZS S√£o Paulo / SP,Empresa: Mau√° Capital,Postada: 1 de Mar√ßo de 2019,"AWS,Python","
                            ,O Mau√° Lab √© o laborat√≥rio de inova√ß√£o digital dentro da Mau√° Capital (www.mauacapital.com) e tem a miss√£o de tornar mais eficiente os seus processos buscando e implantando solu√ß√µes tecnol√≥gicas para as mais diversas necessidades.,Estamos com uma vaga de Est√°gio para Desenvolvedor Cloud aberta e procuramos um profissional inteligente, bem capacitado que n√£o pare de buscar aprimoramento constante do seu conhecimento.,O estagi√°rio para Desenvolvedor Cloud no Mau√° Lab tem como miss√£o de arquitetar, integrar e operar sistemas em nuvem; automatizar deploy de sistemas, incluindo o desenvolvimento dos scripts; ,desenvolver sistemas para atender necessidades internas; e pesquisar e testar as melhores solu√ß√µes para os projetos.,O Mau√° Lab ir√° prover para o profissional todos os recursos necess√°rios para aprimorar os conhecimentos em criar arquitetura e aplica√ß√µes para rodar em nuvem.","
                            ,Qualifica√ß√µes b√°sicas:,- No√ß√µes de aplica√ß√µes em nuvem,- Ter os fundamentos em ci√™ncia da computa√ß√£o, engenharia da computa√ß√£o e/ou programa√ß√£o de software,- Habilidade de comunica√ß√£o efetiva, verbal e escrita,- Conhecimento em uma ou mais linguagens de programa√ß√£o,- Ingl√™s avan√ßado,- Estar cursando o √∫ltimo ou pen√∫ltimo ano do curso superior,Experi√™ncias que s√£o diferenciais para o candidato:,- Linguagem Python,- AWS",https://pyjobs.com.br/job/393/
Desenvolvedor Python,Local da vaga: Vila Olimpia,Empresa: K2 Partnering,Postada: 4 de Mar√ßo de 2019,Python,"
                            ,Procuramos desenvolvedores Python (J√∫nior, Pleno e S√™nior), que sejam FullStack.,Projeto por tempo indeterminado.","
                            ,Conhecimento no desenvolvimento Python, fullstack",https://pyjobs.com.br/job/394/
AMBEV - Engenheira (o) de Software Back End - Pleno/Senior,Local da vaga: Itaim Bibi - S√£o Paulo,Empresa: AMBEV / Zx Ventures,Postada: 8 de Mar√ßo de 2019,"AWS,GitHub,Python","
                            ,JOB DESCRIPTION,Voc√™ vai trabalhar em um time multidisciplinar de alta performance, focado em entregar solu√ß√µes de neg√≥cio para um e-commerce e/ou uma plataforma de compra recorrente, integra√ß√µes de API, automations, utiliza√ß√£o de lambdas, AI e outras tecnologias, voltados ao mesmo objetivo: Entregar a melhor experi√™ncia para nossos usu√°rios e nosso neg√≥cio.,MAIN RESPONSIBILITIES,Trabalhar com o PO, UI/UX e time de Devs no planejamento de novas funcionalidades,Definir estrat√©gias para comportamentos de elementos;,Participar na defini√ß√£o de arquiteturas;,Apoiar a solu√ß√£o de necessidades de neg√≥cio com c√≥digo de alta qualidade","
                            ,Conhecimento em arquitetura de software,Paix√£o por engenharia de alta qualidade e energia,SQL / NoSQL databases,Automa√ß√£o de testes unit√°rios,Infraestrutura como c√≥digos (like Docker, Ansible, AWS Cloudformation‚Ä¶),Amazon Web Services (like Lambda, API Gateway, SQS, etc.),Gradua√ß√£o em Computer Science/Engineering,Continuous Integration/Continuous Deploy (like Travis, Jenkins...),Data modeling,Design Patterns",https://pyjobs.com.br/job/396/
Desenvolvedor full stack,"Local da vaga: Brooklin Novo (regi√£o da Berrini), S√£o Paulo, SP",Empresa: NIC.br,Postada: 28 de Fevereiro de 2019,"Ubuntu,Kubernetes Experts,Django,Selenium,Python,Linux,Vue.js,React.js,JIRA","
                            ,O NIC.br √© uma institui√ß√£o privada, sem fins de lucro, que funciona como bra√ßo executivo do Comit√™ Gestor da Internet no Brasil. Somos respons√°veis, por exemplo, pelos dom√≠nios .br, pela distribui√ß√£o de endere√ßos IP no pa√≠s, entre muitas outras atividades. ,Esta vaga √© para a √°rea de projetos do CEPTRO, departamento do NIC.br respons√°vel por diversas iniciativas cujo principal objetivo √© fomentar o desenvolvimento da Internet no Brasil, com foco em sua infraestrutura. Entre elas est√£o o IX.br, o OpenCDN, o INOC-DBA, cursos de IPv6 e de Boas Pr√°ticas Operacionais para Sistemas Aut√¥nomos Internet.,Como desenvolvedor full stack, voc√™ poder√° participar de todo o ciclo de vida de m√∫ltiplos sistemas e produtos, desde sua concep√ß√£o, at√© seu desenvolvimento, opera√ß√£o e refinamento, tanto para uso interno no NIC.br, como destinados a outros,p√∫blicos; suas atividades poder√£o incluir o desenvolvimento de,interfaces para usu√°rios finais, servi√ßos de backend, scripts e sistemas para automa√ß√£o e gerenciamento de redes, entre outros.,Procuramos gente apaixonada por tecnologia e pela Internet, que queira trabalhar em uma organiza√ß√£o reconhecida pela qualidade das suas iniciativas e que gera um enorme impacto positivo na Internet e na sociedade brasileira. Oferecemos sal√°rios e benef√≠cios competitivos, compat√≠veis com o mercado e com seu n√≠vel de experi√™ncia.","
                            ,- gradua√ß√£o em engenharia de computa√ß√£o, ci√™ncia da computa√ß√£o ou cursos afins;,- viv√™ncia no uso de metodologias √°geis;,- viv√™ncia com boas pr√°ticas de desenvolvimento de software, ciclo de vida de produtos, code review e testes automatizados; ,- capacidade de trabalhar em equipe;  ,- capacidade de incentivar o uso de boas pr√°ticas de desenvolvimento e automa√ß√£o dentro da equipe; ,- experi√™ncia com Python e Django;,- experi√™ncia com desenvolvimento de interfaces Web, em particular,usando Vue.js ou React;,- experi√™ncia com git, em particular com uso de branches e pull requests;,- pr√°tica no uso de ambientes linux e containers para o desenvolvimento e produ√ß√£o;,- conhecimentos em integra√ß√£o e projeto de sistemas distribu√≠dos, com uso de APIs REST;,- conhecimentos em redes e protocolos IPv4 e IPv6;,- conhecimentos em orquestra√ß√£o de containers (Kubernetes);,- ingl√™s para leitura e escrita;",https://pyjobs.com.br/job/392/
Desenvolvedor,Local da vaga: Alto de Pinheiros - S√£o Paulo,Empresa: Camino Education,Postada: 13 de Mar√ßo de 2019,"API,Java,Python","
                            ,A Camino √© uma startup de educa√ß√£o que resulta da uni√£o de profissionais de diversas √°reas de conhecimento em torno de uma mesma causa: garantir que alunos e professores do Brasil e do mundo tenham acesso a um aprendizado que d√™ respostas aos desafios que enfrentamos hoje, al√©m de produzir ferramentas que auxiliem na constru√ß√£o da realidade que queremos no futuro.,Como desenvolvedor back-end na Camino, voc√™ atuar√° na estrutura√ß√£o e desenvolvimento backend da nossa plataforma digital, levando em considera√ß√£o tanto a velocidade de desenvolvimento e flexibilidade nos momentos iniciais de cada produto quanto a capacidade de escalar as solu√ß√µes validadas e mais promissoras. Tamb√©m dever√° colaborar na estrutura√ß√£o dos processos de desenvolvimento da empresa, pensando em modelos de automa√ß√£o e monitoramento. No dia a dia, dever√° contribuir de forma constante na elabora√ß√£o dos processos de constru√ß√£o dos produtos digitais, que vai desde discuss√µes at√© a implementa√ß√£o de novas tecnologias, arquiteturas e pr√°ticas de desenvolvimento.","
                            ,- Experi√™ncia no desenvolvimento de produtos digitais,- Conforto em trabalhar em um ambiente altamente colaborativo,- Experi√™ncia com desenvolvimento backend - preferencialmente Python e/ou Java, mas a linguagem ainda √© ponto de discuss√£o,- Dom√≠nio de implementa√ß√£o de testes unit√°rios e de integra√ß√£o,- Dom√≠nio de arquitetura de microsservi√ßos,- Dom√≠nio de arquitetura de base de dados NoSQL e relacionais,- Dom√≠nio de ferramentas e processos de versionamento com Git,- Preocupa√ß√£o constante com arquitetura e documenta√ß√£o,Desej√°vel:,- Conhecimentos em plataformas cloud (AWS, Azure, Google Cloud Platform),- Conhecimentos em Docker, Kubernetes, CI e CD",https://pyjobs.com.br/job/399/
Tech Lead Python,Local da vaga: S√£o Paulo,Empresa: GSN,Postada: 9 de Mar√ßo de 2019,"AWS,Django","
                            ,Tech Lead Pyhton - Para Paulista-SP,Vaga PJ ,* Proficiente em liderar projetos com Python e Django,* Experi√™ncia em pap√©is de gerenciamento de times de desenvolvimento,* +10 anos de experi√™ncia construindo software escal√°vel,* Apaixonado por tecnologia e que goste de escrever c√≥digo,* Ter arquitetado desenvolvimentos em nuvem (AWS, Google Cloud, Etc...),* Experi√™ncia com desenvolvimento e arquitetura de APIs RESTful,* Entusiasta de metodologias √°geis,* Capaz de liderar decis√µes e estrat√©gias t√©cnicas. Avaliar o trade-off entre as escolhas t√©cnicas e saber equilibrar requisitos de ne?ocio e de tecnologia,* Familiaridade com um leque de tecnologias como Python, Django, Flask, AWS, Linux, AWS Lambda, Postgresql, Javascript, Vue.js, React.js, AngularJs,* Experi√™ncia com sistemas de alta disponibilidade e alta performance,* Habilidade em analisar problemas e resolver conflitos,CV para gabriela.vaccari@gsn.com.br","
                            ,* Proficiente em liderar projetos com Python e Django,* Ter arquitetado desenvolvimentos em nuvem (AWS, Google Cloud, Etc...),* Experi√™ncia com desenvolvimento e arquitetura de APIs RESTful",https://pyjobs.com.br/job/397/
Desenvolvedor Full Stack,Local da vaga: Ana Rosa - SP,Empresa: Bradoo Technologies,Postada: 12 de Mar√ßo de 2019,"JavaScript,PostgreSQL,Odoo,Python","
                            ,Plano de Carreira em Startup de tecnologia.,Trabalhar em ambiente √Ågil, e participar de equipe de desenvolvimento de Produto,Desenvolvimento de produto e atendimento a projetos de clientes,Vagas para todos os n√≠veis: Est√°gio, J√∫nior, Pleno e Seniores","
                            ,Requisitos Conhecimentos obrigat√≥rios em ambiente Open Source,- Linux,- Python,- JavaScript ,- Docker ,- Postgres,- WebServices,Conhecimento desej√°veis em frameworks: ,- Odoo (OpenERP),- Django ou Flask,Sal√°rio conforme perfil",https://pyjobs.com.br/job/398/
